-- phpMyAdmin SQL Dump
-- version 5.2.1
-- https://www.phpmyadmin.net/
--
-- Host: 127.0.0.1
-- Waktu pembuatan: 12 Apr 2025 pada 17.18
-- Versi server: 10.4.32-MariaDB
-- Versi PHP: 8.2.12

SET SQL_MODE = "NO_AUTO_VALUE_ON_ZERO";
START TRANSACTION;
SET time_zone = "+00:00";


/*!40101 SET @OLD_CHARACTER_SET_CLIENT=@@CHARACTER_SET_CLIENT */;
/*!40101 SET @OLD_CHARACTER_SET_RESULTS=@@CHARACTER_SET_RESULTS */;
/*!40101 SET @OLD_COLLATION_CONNECTION=@@COLLATION_CONNECTION */;
/*!40101 SET NAMES utf8mb4 */;

--
-- Database: `db_testcarrer`
--

-- --------------------------------------------------------

--
-- Struktur dari tabel `cache`
--

CREATE TABLE `cache` (
  `key` varchar(255) NOT NULL,
  `value` mediumtext NOT NULL,
  `expiration` int(11) NOT NULL
) ENGINE=InnoDB DEFAULT CHARSET=utf8mb4 COLLATE=utf8mb4_unicode_ci;

-- --------------------------------------------------------

--
-- Struktur dari tabel `cache_locks`
--

CREATE TABLE `cache_locks` (
  `key` varchar(255) NOT NULL,
  `owner` varchar(255) NOT NULL,
  `expiration` int(11) NOT NULL
) ENGINE=InnoDB DEFAULT CHARSET=utf8mb4 COLLATE=utf8mb4_unicode_ci;

-- --------------------------------------------------------

--
-- Struktur dari tabel `datamhs`
--

CREATE TABLE `datamhs` (
  `id` bigint(20) UNSIGNED NOT NULL,
  `nim` varchar(255) NOT NULL,
  `nama` varchar(255) NOT NULL,
  `tanggal` date NOT NULL,
  `created_at` timestamp NULL DEFAULT NULL,
  `updated_at` timestamp NULL DEFAULT NULL
) ENGINE=InnoDB DEFAULT CHARSET=utf8mb4 COLLATE=utf8mb4_unicode_ci;

--
-- Dumping data untuk tabel `datamhs`
--

INSERT INTO `datamhs` (`id`, `nim`, `nama`, `tanggal`, `created_at`, `updated_at`) VALUES
(1, 'Abigail Williams', '0178453629', '2022-08-03', '2025-04-12 00:23:03', '2025-04-12 00:23:03'),
(2, 'Adams Ava', '0197485623', '2023-11-22', '2025-04-12 00:23:03', '2025-04-12 00:23:03'),
(3, 'Adams Emma', '0198267543', '2022-04-07', '2025-04-12 00:23:03', '2025-04-12 00:23:03'),
(4, 'Adams Harper', '0286157349', '2023-09-18', '2025-04-12 00:23:03', '2025-04-12 00:23:03'),
(5, 'Adams Jackson', '0316892475', '2022-12-30', '2025-04-12 00:23:03', '2025-04-12 00:23:03'),
(6, 'Adams Liam', '0382174956', '2023-06-11', '2025-04-12 00:23:03', '2025-04-12 00:23:03'),
(7, 'Adams Lily', '0382541967', '2022-02-25', '2025-04-12 00:23:03', '2025-04-12 00:23:03'),
(8, 'Adams Mia', '0457896312', '2023-05-02', '2025-04-12 00:23:03', '2025-04-12 00:23:03'),
(9, 'Adams Noah', '0471953286', '2022-10-14', '2025-04-12 00:23:03', '2025-04-12 00:23:03'),
(10, 'Adams Olivia', '0568371942', '2023-03-27', '2025-04-12 00:23:03', '2025-04-12 00:23:03'),
(11, 'Adams Sophia', '0847513692', '2022-07-09', '2025-04-12 00:23:03', '2025-04-12 00:23:03'),
(12, 'Addison Morris', '0973812546', '2023-02-13', '2025-04-12 00:23:03', '2025-04-12 00:23:03'),
(13, 'Aiden Baker', '1065973248', '2022-05-26', '2025-04-12 00:23:03', '2025-04-12 00:23:03'),
(14, 'Aiden Bell', '1073498256', '2023-10-07', '2025-04-12 00:23:03', '2025-04-12 00:23:03'),
(15, 'Aiden Brooks', '1084279563', '2022-01-19', '2025-04-12 00:23:03', '2025-04-12 00:23:03'),
(16, 'Aiden Cooper', '1098342576', '2023-08-01', '2025-04-12 00:23:03', '2025-04-12 00:23:03'),
(17, 'Aiden Foster', '1098745632', '2022-11-24', '2025-04-12 00:23:03', '2025-04-12 00:23:03'),
(18, 'Aiden Hayes', '1206485739', '2023-04-05', '2025-04-12 00:23:03', '2025-04-12 00:23:03'),
(19, 'Aiden Murphy', '1209563748', '2022-09-17', '2025-04-12 00:23:03', '2025-04-12 00:23:03'),
(20, 'Aiden Powell', '1209847653', '2023-12-29', '2025-04-12 00:23:03', '2025-04-12 00:23:03'),
(21, 'Aiden Taylor', '1234567890', '2022-06-10', '2025-04-12 00:23:03', '2025-04-12 00:23:03'),
(22, 'Aiden Turner', '1239708564', '2023-01-23', '2025-04-12 00:23:03', '2025-04-12 00:23:03'),
(23, 'Alexander Cook', '1243567890', '2022-08-06', '2025-04-12 00:23:03', '2025-04-12 00:23:03'),
(24, 'Amelia Murphy', '1245867039', '2023-11-25', '2025-04-12 00:23:03', '2025-04-12 00:23:03'),
(25, 'Aria Sanders', '1298347650', '2022-04-10', '2025-04-12 00:23:03', '2025-04-12 00:23:03'),
(26, 'Ava Adams', '1298745603', '2023-09-21', '2025-04-12 00:23:03', '2025-04-12 00:23:03'),
(27, 'Ava Bell', '1309452786', '2022-12-03', '2025-04-12 00:23:03', '2025-04-12 00:23:03'),
(28, 'Ava Brooks', '1345678902', '2023-06-14', '2025-04-12 00:23:03', '2025-04-12 00:23:03'),
(29, 'Ava Campbell', '1347695820', '2022-02-28', '2025-04-12 00:23:03', '2025-04-12 00:23:03'),
(30, 'Ava Foster', '1349752680', '2023-05-05', '2025-04-12 00:23:03', '2025-04-12 00:23:03'),
(31, 'Ava Hayes', '1385076429', '2022-10-17', '2025-04-12 00:23:03', '2025-04-12 00:23:03'),
(32, 'Ava Turner', '1492876053', '2023-04-01', '2025-04-12 00:23:03', '2025-04-12 00:23:03'),
(33, 'Ava Wright', '1579864203', '2022-09-22', '2025-04-12 00:23:03', '2025-04-12 00:23:03'),
(34, 'Baker Aiden', '1583942076', '2023-12-02', '2025-04-12 00:23:03', '2025-04-12 00:23:03'),
(35, 'Baker Emma', '1586423097', '2022-06-17', '2025-04-12 00:23:03', '2025-04-12 00:23:03'),
(36, 'Barnes Lucas', '1753094682', '2023-01-30', '2025-04-12 00:23:03', '2025-04-12 00:23:03'),
(37, 'Barnes Sophia', '1769854023', '2022-08-09', '2025-04-12 00:23:03', '2025-04-12 00:23:03'),
(38, 'Barnes Wyatt', '1789054326', '2023-11-28', '2025-04-12 00:23:03', '2025-04-12 00:23:03'),
(39, 'Bell Aiden', '1803924567', '2022-05-02', '2025-04-12 00:23:03', '2025-04-12 00:23:03'),
(40, 'Bell Ava', '1835096742', '2023-10-11', '2025-04-12 00:23:03', '2025-04-12 00:23:03'),
(41, 'Bell Chloe', '1836947502', '2022-03-04', '2025-04-12 00:23:03', '2025-04-12 00:23:03'),
(42, 'Bell Harper', '1837692450', '2023-07-16', '2025-04-12 00:23:03', '2025-04-12 00:23:03'),
(43, 'Bell Jackson', '1845603729', '2022-11-27', '2025-04-12 00:23:03', '2025-04-12 00:23:03'),
(44, 'Bell Liam', '1845726309', '2023-04-10', '2025-04-12 00:23:03', '2025-04-12 00:23:03'),
(45, 'Bell Lily', '1857306942', '2022-09-25', '2025-04-12 00:23:03', '2025-04-12 00:23:03'),
(46, 'Bell Noah', '1894725063', '2023-12-05', '2025-04-12 00:23:03', '2025-04-12 00:23:03'),
(47, 'Bell Oliver', '1896753042', '2022-06-20', '2025-04-12 00:23:03', '2025-04-12 00:23:03'),
(48, 'Bell Olivia', '1948276530', '2023-02-03', '2025-04-12 00:23:03', '2025-04-12 00:23:03'),
(49, 'Bell Sophia', '1953862407', '2022-07-13', '2025-04-12 00:23:03', '2025-04-12 00:23:03'),
(50, 'Benjamin Parker', '1984736052', '2023-10-24', '2025-04-12 00:23:03', '2025-04-12 00:23:03'),
(51, 'Brooks Aiden', '1987654320', '2022-05-07', '2025-04-12 00:23:03', '2025-04-12 00:23:03'),
(52, 'Brooks Ava', '2039485716', '2023-01-10', '2025-04-12 00:23:03', '2025-04-12 00:23:03'),
(53, 'Brooks Chloe', '2047956831', '2022-08-22', '2025-04-12 00:23:03', '2025-04-12 00:23:03'),
(54, 'Brooks Emma', '2049576183', '2023-11-30', '2025-04-12 00:23:03', '2025-04-12 00:23:03'),
(55, 'Brooks Jackson', '2053748619', '2022-04-15', '2025-04-12 00:23:03', '2025-04-12 00:23:03'),
(56, 'Brooks Lily', '2056781439', '2023-09-28', '2025-04-12 00:23:03', '2025-04-12 00:23:03'),
(57, 'Brooks Noah', '2056783491', '2022-12-10', '2025-04-12 00:23:03', '2025-04-12 00:23:03'),
(58, 'Brooks Oliver', '2083651947', '2023-06-21', '2025-04-12 00:23:03', '2025-04-12 00:23:03'),
(59, 'Brooks Sophia', '2096431587', '2022-02-14', '2025-04-12 00:23:03', '2025-04-12 00:23:03'),
(60, 'Bryant Ethan', '2103847659', '2023-05-09', '2025-04-12 00:23:03', '2025-04-12 00:23:03'),
(61, 'Bryant Jackson', '2108943657', '2022-10-22', '2025-04-12 00:23:03', '2025-04-12 00:23:03'),
(62, 'Bryant Liam', '2154038697', '2023-03-05', '2025-04-12 00:23:03', '2025-04-12 00:23:03'),
(63, 'Campbell Ava', '2157349608', '2022-07-18', '2025-04-12 00:23:03', '2025-04-12 00:23:03'),
(64, 'Campbell Harper', '2170983456', '2023-12-11', '2025-04-12 00:23:03', '2025-04-12 00:23:03'),
(65, 'Campbell Liam', '2178605439', '2022-06-24', '2025-04-12 00:23:03', '2025-04-12 00:23:03'),
(66, 'Campbell Mia', '2187349605', '2023-02-07', '2025-04-12 00:23:03', '2025-04-12 00:23:03'),
(67, 'Campbell Sophia', '2190836745', '2022-09-01', '2025-04-12 00:23:03', '2025-04-12 00:23:03'),
(68, 'Carter Evans', '2318945670', '2023-04-13', '2025-04-12 00:23:03', '2025-04-12 00:23:03'),
(69, 'Carter Isabella', '2345678901', '2022-11-02', '2025-04-12 00:23:03', '2025-04-12 00:23:03'),
(70, 'Carter Reed', '2346709185', '2023-08-15', '2025-04-12 00:23:03', '2025-04-12 00:23:03'),
(71, 'Charlotte Morris', '2356047819', '2022-05-10', '2025-04-12 00:23:03', '2025-04-12 00:23:03'),
(72, 'Charlotte Thompson', '2374801965', '2023-10-27', '2025-04-12 00:23:03', '2025-04-12 00:23:03'),
(73, 'Chloe Bell', '2379845016', '2022-03-08', '2025-04-12 00:23:03', '2025-04-12 00:23:03'),
(74, 'Chloe Brooks', '2385671094', '2023-07-20', '2025-04-12 00:23:03', '2025-04-12 00:23:03'),
(75, 'Chloe Evans', '2398165740', '2022-11-29', '2025-04-12 00:23:03', '2025-04-12 00:23:03'),
(76, 'Chloe Foster', '2401563987', '2023-04-16', '2025-04-12 00:23:03', '2025-04-12 00:23:03'),
(77, 'Chloe Hayes', '2463987150', '2022-09-04', '2025-04-12 00:23:03', '2025-04-12 00:23:03'),
(78, 'Chloe Murphy', '2493861507', '2023-12-08', '2025-04-12 00:23:03', '2025-04-12 00:23:03'),
(79, 'Chloe Powell', '2507149863', '2022-06-27', '2025-04-12 00:23:03', '2025-04-12 00:23:03'),
(80, 'Chloe Turner', '2510934786', '2023-02-10', '2025-04-12 00:23:03', '2025-04-12 00:23:03'),
(81, 'Chloe Ward', '2546178093', '2022-07-23', '2025-04-12 00:23:03', '2025-04-12 00:23:03'),
(82, 'Cole Lucas', '2563718904', '2023-11-03', '2025-04-12 00:23:03', '2025-04-12 00:23:03'),
(83, 'Cole Mia', '2569438710', '2022-04-20', '2025-04-12 00:23:03', '2025-04-12 00:23:03'),
(84, 'Collins Emily', '2604138795', '2023-09-01', '2025-04-12 00:23:03', '2025-04-12 00:23:03'),
(85, 'Collins Mia', '2659781403', '2022-12-13', '2025-04-12 00:23:03', '2025-04-12 00:23:03'),
(86, 'Cook Alexander', '2674309185', '2023-06-30', '2025-04-12 00:23:03', '2025-04-12 00:23:03'),
(87, 'Cooper Aiden', '2730486159', '2022-02-18', '2025-04-12 00:23:03', '2025-04-12 00:23:03'),
(88, 'Cooper Scarlett', '2761985043', '2023-05-13', '2025-04-12 00:23:03', '2025-04-12 00:23:03'),
(89, 'Daniel Simmons', '2840651937', '2022-10-30', '2025-04-12 00:23:03', '2025-04-12 00:23:03'),
(90, 'Davis Abigail', '2904736185', '2023-03-12', '2025-04-12 00:23:03', '2025-04-12 00:23:03'),
(91, 'Davis Emma', '2938647015', '2022-07-26', '2025-04-12 00:23:03', '2025-04-12 00:23:03'),
(92, 'Davis Harper', '2940538176', '2023-12-14', '2025-04-12 00:23:03', '2025-04-12 00:23:03'),
(93, 'Davis Mia', '2941867530', '2022-06-03', '2025-04-12 00:23:03', '2025-04-12 00:23:03'),
(94, 'Davis Noah', '2958046173', '2023-01-15', '2025-04-12 00:23:03', '2025-04-12 00:23:03'),
(95, 'Davis Olivia', '2978046513', '2022-08-06', '2025-04-12 00:23:03', '2025-04-12 00:23:03'),
(96, 'Davis Sophia', '2981756043', '2023-11-25', '2025-04-12 00:23:03', '2025-04-12 00:23:03'),
(97, 'Elijah Fisher', '3018654729', '2022-04-10', '2025-04-12 00:23:03', '2025-04-12 00:23:03'),
(98, 'Elijah Hill', '3058726149', '2023-09-21', '2025-04-12 00:23:03', '2025-04-12 00:23:03'),
(99, 'Emily Collins', '3084765921', '2022-12-03', '2025-04-12 00:23:03', '2025-04-12 00:23:03'),
(100, 'Emma Adams', '3089176542', '2023-06-14', '2025-04-12 00:23:03', '2025-04-12 00:23:03'),
(101, 'Emma Baker', '3185649072', '2022-02-28', '2025-04-12 00:23:03', '2025-04-12 00:23:03'),
(102, 'Emma Brooks', '3198456027', '2023-05-05', '2025-04-12 00:23:03', '2025-04-12 00:23:03'),
(103, 'Emma Davis', '3209461857', '2022-10-17', '2025-04-12 00:23:03', '2025-04-12 00:23:03'),
(104, 'Emma Foster', '3245678901', '2023-04-01', '2025-04-12 00:23:03', '2025-04-12 00:23:03'),
(105, 'Emma Griffin', '3246981075', '2022-09-22', '2025-04-12 00:23:03', '2025-04-12 00:23:03'),
(106, 'Emma Hayes', '3247085961', '2023-12-02', '2025-04-12 00:23:03', '2025-04-12 00:23:03'),
(107, 'Emma Hill', '3421560987', '2022-06-17', '2025-04-12 00:23:03', '2025-04-12 00:23:03'),
(108, 'Emma Mitchell', '3451876920', '2023-01-30', '2025-04-12 00:23:03', '2025-04-12 00:23:03'),
(109, 'Emma Nelson', '3456078129', '2022-08-09', '2025-04-12 00:23:03', '2025-04-12 00:23:03'),
(110, 'Emma Thompson', '3456789012', '2023-11-28', '2025-04-12 00:23:03', '2025-04-12 00:23:03'),
(111, 'Emma Turner', '3456921807', '2022-05-02', '2025-04-12 00:23:03', '2025-04-12 00:23:03'),
(112, 'Ethan Bryant', '3458612970', '2023-10-11', '2025-04-12 00:23:03', '2025-04-12 00:23:03'),
(113, 'Ethan Foster', '3472896150', '2022-03-04', '2025-04-12 00:23:03', '2025-04-12 00:23:03'),
(114, 'Ethan Hayes', '3489601275', '2023-07-16', '2025-04-12 00:23:03', '2025-04-12 00:23:03'),
(115, 'Ethan Mitchell', '3498756012', '2022-11-27', '2025-04-12 00:23:03', '2025-04-12 00:23:03'),
(116, 'Ethan Murphy', '3510782496', '2023-04-10', '2025-04-12 00:23:03', '2025-04-12 00:23:03'),
(117, 'Ethan Price', '3510928746', '2022-09-25', '2025-04-12 00:23:03', '2025-04-12 00:23:03'),
(118, 'Ethan Russell', '3548692170', '2023-12-05', '2025-04-12 00:23:03', '2025-04-12 00:23:03'),
(119, 'Ethan Turner', '3567812094', '2022-06-20', '2025-04-12 00:23:03', '2025-04-12 00:23:03'),
(120, 'Evans Carter', '3591820476', '2023-02-03', '2025-04-12 00:23:03', '2025-04-12 00:23:03'),
(121, 'Evans Chloe', '3620198745', '2022-07-13', '2025-04-12 00:23:03', '2025-04-12 00:23:03'),
(122, 'Evans Liam', '3640875129', '2023-10-24', '2025-04-12 00:23:03', '2025-04-12 00:23:03'),
(123, 'Evans Mia', '3648715029', '2022-05-07', '2025-04-12 00:23:03', '2025-04-12 00:23:03'),
(124, 'Evans Penelope', '3650129847', '2023-01-10', '2025-04-12 00:23:03', '2025-04-12 00:23:03'),
(125, 'Evans Sophia', '3675812049', '2022-08-22', '2025-04-12 00:23:03', '2025-04-12 00:23:03'),
(126, 'Evelyn Price', '3702649185', '2023-11-30', '2025-04-12 00:23:03', '2025-04-12 00:23:03'),
(127, 'Fisher Elijah', '3762109548', '2022-04-15', '2025-04-12 00:23:03', '2025-04-12 00:23:03'),
(128, 'Fisher Jackson', '3817462059', '2023-09-28', '2025-04-12 00:23:03', '2025-04-12 00:23:03'),
(129, 'Fisher Sophia', '3819476052', '2022-12-10', '2025-04-12 00:23:03', '2025-04-12 00:23:03'),
(130, 'Fisher Zoe', '3824657019', '2023-06-21', '2025-04-12 00:23:03', '2025-04-12 00:23:03'),
(131, 'Foster Aiden', '3850976142', '2022-02-14', '2025-04-12 00:23:03', '2025-04-12 00:23:03'),
(132, 'Foster Ava', '3851297640', '2023-05-09', '2025-04-12 00:23:03', '2025-04-12 00:23:03'),
(133, 'Foster Chloe', '3852401967', '2022-10-22', '2025-04-12 00:23:03', '2025-04-12 00:23:03'),
(134, 'Foster Emma', '3867520149', '2023-03-05', '2025-04-12 00:23:03', '2025-04-12 00:23:03'),
(135, 'Foster Ethan', '3947802165', '2022-07-18', '2025-04-12 00:23:03', '2025-04-12 00:23:03'),
(136, 'Foster Grace', '3962478015', '2023-12-11', '2025-04-12 00:23:03', '2025-04-12 00:23:03'),
(137, 'Foster Harper', '4021567893', '2022-06-24', '2025-04-12 00:23:03', '2025-04-12 00:23:03'),
(138, 'Foster Isabella', '4037692185', '2023-02-07', '2025-04-12 00:23:03', '2025-04-12 00:23:03'),
(139, 'Foster Jackson', '4038765129', '2022-09-01', '2025-04-12 00:23:03', '2025-04-12 00:23:03'),
(140, 'Foster Liam', '4107892536', '2023-04-13', '2025-04-12 00:23:03', '2025-04-12 00:23:03'),
(141, 'Foster Lily', '4130982576', '2022-11-02', '2025-04-12 00:23:03', '2025-04-12 00:23:03'),
(142, 'Foster Mia', '4132578906', '2023-08-15', '2025-04-12 00:23:03', '2025-04-12 00:23:03'),
(143, 'Foster Noah', '4132698075', '2022-05-10', '2025-04-12 00:23:03', '2025-04-12 00:23:03'),
(144, 'Foster Oliver', '4158923076', '2023-10-27', '2025-04-12 00:23:03', '2025-04-12 00:23:03'),
(145, 'Fox Noah', '4180572396', '2022-03-08', '2025-04-12 00:23:03', '2025-04-12 00:23:03'),
(146, 'Gabriel Simmons', '4208651937', '2023-07-20', '2025-04-12 00:23:03', '2025-04-12 00:23:03'),
(147, 'Grace Foster', '4290381657', '2022-11-29', '2025-04-12 00:23:03', '2025-04-12 00:23:03'),
(148, 'Grace Hayes', '4298735106', '2023-04-16', '2025-04-12 00:23:03', '2025-04-12 00:23:03'),
(149, 'Grace Morris', '4302981675', '2022-09-04', '2025-04-12 00:23:03', '2025-04-12 00:23:03'),
(150, 'Grace Myers', '4385126790', '2023-12-08', '2025-04-12 00:23:03', '2025-04-12 00:23:03'),
(151, 'Grace Richardson', '4508923671', '2023-12-09', '2025-04-12 00:23:03', '2025-04-12 00:23:03'),
(152, 'Grace Scott', '4518923076', '2023-12-10', '2025-04-12 00:23:03', '2025-04-12 00:23:03'),
(153, 'Grace Simmons', '4518927036', '2023-12-11', '2025-04-12 00:23:03', '2025-04-12 00:23:03'),
(154, 'Grace Thompson', '4520968371', '2023-12-12', '2025-04-12 00:23:03', '2025-04-12 00:23:03'),
(155, 'Grace Turner', '4523768109', '2023-12-13', '2025-04-12 00:23:03', '2025-04-12 00:23:03'),
(156, 'Gray Samuel', '4562109873', '2023-12-14', '2025-04-12 00:23:03', '2025-04-12 00:23:03'),
(157, 'Griffin Emma', '4567890123', '2023-12-15', '2025-04-12 00:23:03', '2025-04-12 00:23:03'),
(158, 'Griffin Owen', '4569078123', '2023-12-16', '2025-04-12 00:23:03', '2025-04-12 00:23:03'),
(159, 'Harper Adams', '4601897532', '2023-12-17', '2025-04-12 00:23:03', '2025-04-12 00:23:03'),
(160, 'Harper Bell', '4607328159', '2023-12-18', '2025-04-12 00:23:03', '2025-04-12 00:23:03'),
(161, 'Harper Campbell', '4609321785', '2023-12-19', '2025-04-12 00:23:03', '2025-04-12 00:23:03'),
(162, 'Harper Davis', '4621587390', '2023-12-20', '2025-04-12 00:23:03', '2025-04-12 00:23:03'),
(163, 'Harper Foster', '4650283197', '2023-12-21', '2025-04-12 00:23:03', '2025-04-12 00:23:03'),
(164, 'Harper Hayes', '4671089253', '2023-12-22', '2025-04-12 00:23:03', '2025-04-12 00:23:03'),
(165, 'Harper Hill', '4680917532', '2023-12-23', '2025-04-12 00:23:03', '2025-04-12 00:23:03'),
(166, 'Harper Morris', '4689302517', '2023-12-24', '2025-04-12 00:23:03', '2025-04-12 00:23:03'),
(167, 'Harper Parker', '4693210857', '2023-12-25', '2025-04-12 00:23:03', '2025-04-12 00:23:03'),
(168, 'Harper Powell', '4701869325', '2023-12-26', '2025-04-12 00:23:03', '2025-04-12 00:23:03'),
(169, 'Harper Scott', '4761209853', '2023-12-27', '2025-04-12 00:23:03', '2025-04-12 00:23:03'),
(170, 'Harper Taylor', '4820165793', '2023-12-28', '2025-04-12 00:23:03', '2025-04-12 00:23:03'),
(171, 'Harper Turner', '4827309165', '2023-12-29', '2025-04-12 00:23:03', '2025-04-12 00:23:03'),
(172, 'Harper Ward', '4856130927', '2023-12-30', '2025-04-12 00:23:03', '2025-04-12 00:23:03'),
(173, 'Harrison Mia', '4905128763', '2023-01-15', '2025-04-12 00:23:03', '2025-04-12 00:23:03'),
(174, 'Hayes Aiden', '4908237615', '2022-08-03', '2025-04-12 00:23:03', '2025-04-12 00:23:03'),
(175, 'Hayes Ava', '4910283765', '2023-11-22', '2025-04-12 00:23:03', '2025-04-12 00:23:03'),
(176, 'Hayes Chloe', '4913562708', '2022-04-07', '2025-04-12 00:23:03', '2025-04-12 00:23:03'),
(177, 'Hayes Emma', '4921368750', '2023-09-18', '2025-04-12 00:23:03', '2025-04-12 00:23:03'),
(178, 'Hayes Ethan', '4923178650', '2022-12-30', '2025-04-12 00:23:03', '2025-04-12 00:23:03'),
(179, 'Hayes Grace', '4925183670', '2023-06-11', '2025-04-12 00:23:03', '2025-04-12 00:23:03'),
(180, 'Hayes Harper', '4927180563', '2022-02-25', '2025-04-12 00:23:03', '2025-04-12 00:23:03'),
(181, 'Hayes Jackson', '4935678102', '2023-05-02', '2025-04-12 00:23:03', '2025-04-12 00:23:03'),
(182, 'Hayes Liam', '4956873120', '2022-10-14', '2025-04-12 00:23:03', '2025-04-12 00:23:03'),
(183, 'Hayes Lily', '4962831075', '2023-03-27', '2025-04-12 00:23:03', '2025-04-12 00:23:03'),
(184, 'Hayes Mia', '5012376849', '2022-07-09', '2025-04-12 00:23:03', '2025-04-12 00:23:03'),
(185, 'Hayes Noah', '5012893467', '2023-02-13', '2025-04-12 00:23:03', '2025-04-12 00:23:03'),
(186, 'Hayes Oliver', '5019283476', '2022-05-26', '2025-04-12 00:23:03', '2025-04-12 00:23:03'),
(187, 'Hayes Olivia', '5023146789', '2023-10-07', '2025-04-12 00:23:03', '2025-04-12 00:23:03'),
(188, 'Hayes Sophia', '5026179348', '2022-01-19', '2025-04-12 00:23:03', '2025-04-12 00:23:03'),
(189, 'Henderson Leo', '5031897462', '2023-08-01', '2025-04-12 00:23:03', '2025-04-12 00:23:03'),
(190, 'Henry Ward', '5032987461', '2022-11-24', '2025-04-12 00:23:03', '2025-04-12 00:23:03'),
(191, 'Hill Elijah', '5036487912', '2023-04-05', '2025-04-12 00:23:03', '2025-04-12 00:23:03'),
(192, 'Hill Emma', '5067213984', '2022-09-17', '2025-04-12 00:23:03', '2025-04-12 00:23:03'),
(193, 'Hill Harper', '5082913467', '2023-12-29', '2025-04-12 00:23:03', '2025-04-12 00:23:03'),
(194, 'Hill Isabella', '5123786409', '2022-06-10', '2025-04-12 00:23:03', '2025-04-12 00:23:03'),
(195, 'Holmes Olivia', '5139078462', '2023-01-23', '2025-04-12 00:23:03', '2025-04-12 00:23:03'),
(196, 'Isabella Carter', '5140623978', '2022-08-06', '2025-04-12 00:23:03', '2025-04-12 00:23:03'),
(197, 'Isabella Foster', '5170963842', '2023-11-25', '2025-04-12 00:23:03', '2025-04-12 00:23:03'),
(198, 'Isabella Hill', '5182093467', '2022-04-10', '2025-04-12 00:23:03', '2025-04-12 00:23:03'),
(199, 'Isabella Wright', '5182409673', '2023-09-21', '2025-04-12 00:23:03', '2025-04-12 00:23:03'),
(200, 'Jackson Adams', '5189276304', '2022-12-03', '2025-04-12 00:23:03', '2025-04-12 00:23:03'),
(201, 'Jackson Bell', '5196782403', '2023-06-14', '2025-04-12 00:23:03', '2025-04-12 00:23:03'),
(202, 'Jackson Brooks', '5279631804', '2022-02-28', '2025-04-12 00:23:03', '2025-04-12 00:23:03'),
(203, 'Jackson Bryant', '5281094736', '2023-05-05', '2025-04-12 00:23:03', '2025-04-12 00:23:03'),
(204, 'Jackson Fisher', '5298760143', '2022-10-17', '2025-04-12 00:23:03', '2025-04-12 00:23:03'),
(205, 'Jackson Foster', '5301974682', '2023-04-01', '2025-04-12 00:23:03', '2025-04-12 00:23:03'),
(206, 'Jackson Hayes', '5362198740', '2022-09-22', '2025-04-12 00:23:03', '2025-04-12 00:23:03'),
(207, 'Jackson Kelly', '5401987236', '2023-12-02', '2025-04-12 00:23:03', '2025-04-12 00:23:03'),
(208, 'Jackson Murphy', '5420987136', '2022-06-17', '2025-04-12 00:23:03', '2025-04-12 00:23:03'),
(209, 'Jackson Nelson', '5429703816', '2023-01-30', '2025-04-12 00:23:03', '2025-04-12 00:23:03'),
(210, 'Jackson Scott', '5432768901', '2022-08-09', '2025-04-12 00:23:03', '2025-04-12 00:23:03'),
(211, 'Jackson Stewart', '5462380791', '2023-11-28', '2025-04-12 00:23:03', '2025-04-12 00:23:03'),
(212, 'Jackson Turner', '5607893412', '2022-05-02', '2025-04-12 00:23:03', '2025-04-12 00:23:03'),
(213, 'Jackson Ward', '5620193847', '2023-10-11', '2025-04-12 00:23:03', '2025-04-12 00:23:03'),
(214, 'Jackson Wright', '5649301872', '2022-03-04', '2025-04-12 00:23:03', '2025-04-12 00:23:03'),
(215, 'James Lily', '5670318249', '2023-07-16', '2025-04-12 00:23:03', '2025-04-12 00:23:03'),
(216, 'James Wright', '5672184903', '2022-11-27', '2025-04-12 00:23:03', '2025-04-12 00:23:03'),
(217, 'Kelly Jackson', '5678123049', '2023-04-10', '2025-04-12 00:23:03', '2025-04-12 00:23:03'),
(218, 'Leo Henderson', '5678901234', '2022-09-25', '2025-04-12 00:23:03', '2025-04-12 00:23:03'),
(219, 'Liam Adams', '5712034986', '2023-12-05', '2025-04-12 00:23:03', '2025-04-12 00:23:03'),
(220, 'Liam Bell', '5716943028', '2022-06-20', '2025-04-12 00:23:03', '2025-04-12 00:23:03'),
(221, 'Liam Bryant', '5720368419', '2023-02-03', '2025-04-12 00:23:03', '2025-04-12 00:23:03'),
(222, 'Liam Campbell', '5732048961', '2022-07-13', '2025-04-12 00:23:03', '2025-04-12 00:23:03'),
(223, 'Liam Evans', '5742906138', '2023-10-24', '2025-04-12 00:23:03', '2025-04-12 00:23:03'),
(224, 'Liam Foster', '5746192038', '2022-05-07', '2025-04-12 00:23:03', '2025-04-12 00:23:03'),
(225, 'Liam Hayes', '5812034769', '2023-01-10', '2025-04-12 00:23:03', '2025-04-12 00:23:03'),
(226, 'Liam Peterson', '5820743169', '2022-08-22', '2025-04-12 00:23:03', '2025-04-12 00:23:03'),
(227, 'Liam Reed', '5823610947', '2023-11-30', '2025-04-12 00:23:03', '2025-04-12 00:23:03'),
(228, 'Liam Turner', '5840319267', '2022-04-15', '2025-04-12 00:23:03', '2025-04-12 00:23:03'),
(229, 'Liam Ward', '5863701924', '2023-09-28', '2025-04-12 00:23:03', '2025-04-12 00:23:03'),
(230, 'Lily Adams', '5876312049', '2022-12-10', '2025-04-12 00:23:03', '2025-04-12 00:23:03'),
(231, 'Lily Bell', '5876320149', '2023-06-21', '2025-04-12 00:23:03', '2025-04-12 00:23:03'),
(232, 'Lily Brooks', '5912345678', '2022-02-14', '2025-04-12 00:23:03', '2025-04-12 00:23:03'),
(233, 'Lily Foster', '5941086273', '2023-05-09', '2025-04-12 00:23:03', '2025-04-12 00:23:03'),
(234, 'Lily Hayes', '5983421607', '2022-10-22', '2025-04-12 00:23:03', '2025-04-12 00:23:03'),
(235, 'Lily James', '6071832945', '2023-03-05', '2025-04-12 00:23:03', '2025-04-12 00:23:03'),
(236, 'Lily Thompson', '6083419257', '2022-07-18', '2025-04-12 00:23:03', '2025-04-12 00:23:03'),
(237, 'Lily Turner', '6083741259', '2023-12-11', '2025-04-12 00:23:03', '2025-04-12 00:23:03'),
(238, 'Lily Ward', '6089473125', '2022-06-24', '2025-04-12 00:23:03', '2025-04-12 00:23:03'),
(239, 'Lucas Barnes', '6102934758', '2023-02-07', '2025-04-12 00:23:03', '2025-04-12 00:23:03'),
(240, 'Lucas Cole', '6104729835', '2022-09-01', '2025-04-12 00:23:03', '2025-04-12 00:23:03'),
(241, 'Lucas Parker', '6138740592', '2023-04-13', '2025-04-12 00:23:03', '2025-04-12 00:23:03'),
(242, 'Lucas Taylor', '6172940358', '2022-11-02', '2025-04-12 00:23:03', '2025-04-12 00:23:03'),
(243, 'Lucas Thompson', '6174903825', '2023-08-15', '2025-04-12 00:23:03', '2025-04-12 00:23:03'),
(244, 'Lucas Turner', '6198432075', '2022-05-10', '2025-04-12 00:23:03', '2025-04-12 00:23:03'),
(245, 'Lucas Ward', '6203154789', '2023-10-27', '2025-04-12 00:23:03', '2025-04-12 00:23:03'),
(246, 'Madison Turner', '6219845037', '2022-03-08', '2025-04-12 00:23:03', '2025-04-12 00:23:03'),
(247, 'Martinez Mason', '6279810453', '2023-07-20', '2025-04-12 00:23:03', '2025-04-12 00:23:03'),
(248, 'Martinez Sophia', '6287395140', '2022-11-29', '2025-04-12 00:23:03', '2025-04-12 00:23:03'),
(249, 'Mason Martinez', '6289475031', '2023-04-16', '2025-04-12 00:23:03', '2025-04-12 00:23:03'),
(250, 'Mia Adams', '6309851472', '2022-09-04', '2025-04-12 00:23:03', '2025-04-12 00:23:03'),
(251, 'Mia Campbell', '6318947025', '2023-12-08', '2025-04-12 00:23:03', '2025-04-12 00:23:03'),
(252, 'Mia Cole', '6352789014', '2022-06-27', '2025-04-12 00:23:03', '2025-04-12 00:23:03'),
(253, 'Mia Collins', '6370982145', '2023-02-10', '2025-04-12 00:23:03', '2025-04-12 00:23:03'),
(254, 'Mia Davis', '6371502984', '2022-07-23', '2025-04-12 00:23:03', '2025-04-12 00:23:03'),
(255, 'Mia Evans', '6415823907', '2023-11-03', '2025-04-12 00:23:03', '2025-04-12 00:23:03'),
(256, 'Mia Foster', '6429085713', '2022-04-20', '2025-04-12 00:23:03', '2025-04-12 00:23:03'),
(257, 'Mia Harrison', '6435901827', '2023-09-01', '2025-04-12 00:23:03', '2025-04-12 00:23:03'),
(258, 'Mia Hayes', '6487302195', '2022-12-13', '2025-04-12 00:23:03', '2025-04-12 00:23:03'),
(259, 'Mia Mitchell', '6508123479', '2023-06-30', '2025-04-12 00:23:03', '2025-04-12 00:23:03'),
(260, 'Mia Murphy', '6571290834', '2022-02-18', '2025-04-12 00:23:03', '2025-04-12 00:23:03'),
(261, 'Mia Parker', '6572081493', '2023-05-13', '2025-04-12 00:23:03', '2025-04-12 00:23:03'),
(262, 'Mia Scott', '6572093841', '2022-10-30', '2025-04-12 00:23:03', '2025-04-12 00:23:03'),
(263, 'Mia Turner', '6572301948', '2023-03-12', '2025-04-12 00:23:03', '2025-04-12 00:23:03'),
(264, 'Mia Wallace', '6573201948', '2022-07-26', '2025-04-12 00:23:03', '2025-04-12 00:23:03'),
(265, 'Mia Ward', '6720458193', '2023-12-14', '2025-04-12 00:23:03', '2025-04-12 00:23:03'),
(266, 'Mitchell Emma', '6748103925', '2022-06-03', '2025-04-12 00:23:03', '2025-04-12 00:23:03'),
(267, 'Mitchell Ethan', '6785430129', '2023-01-15', '2025-04-12 00:23:03', '2025-04-12 00:23:03'),
(268, 'Mitchell Mia', '6789012345', '2022-08-06', '2025-04-12 00:23:03', '2025-04-12 00:23:03'),
(269, 'Mitchell Oliver', '6789054321', '2023-11-25', '2025-04-12 00:23:03', '2025-04-12 00:23:03'),
(270, 'Morris Addison', '6789450312', '2022-04-10', '2025-04-12 00:23:03', '2025-04-12 00:23:03'),
(271, 'Morris Charlotte', '6792045183', '2023-09-21', '2025-04-12 00:23:03', '2025-04-12 00:23:03'),
(272, 'Morris Grace', '6812405937', '2022-12-03', '2025-04-12 00:23:03', '2025-04-12 00:23:03'),
(273, 'Morris Harper', '6815324907', '2023-06-14', '2025-04-12 00:23:03', '2025-04-12 00:23:03'),
(274, 'Murphy Aiden', '6852301974', '2022-02-28', '2025-04-12 00:23:03', '2025-04-12 00:23:03'),
(275, 'Murphy Amelia', '6871542093', '2023-05-05', '2025-04-12 00:23:03', '2025-04-12 00:23:03'),
(276, 'Murphy Chloe', '6875309412', '2022-10-17', '2025-04-12 00:23:03', '2025-04-12 00:23:03'),
(277, 'Murphy Ethan', '6890132457', '2023-04-01', '2025-04-12 00:23:03', '2025-04-12 00:23:03'),
(278, 'Murphy Jackson', '6921083745', '2022-09-22', '2025-04-12 00:23:03', '2025-04-12 00:23:03'),
(279, 'Murphy Mia', '6925840317', '2023-12-02', '2025-04-12 00:23:03', '2025-04-12 00:23:03'),
(280, 'Murphy Oliver', '6931742058', '2022-06-17', '2025-04-12 00:23:03', '2025-04-12 00:23:03'),
(281, 'Murphy Sophia', '6945280137', '2023-01-30', '2025-04-12 00:23:03', '2025-04-12 00:23:03'),
(282, 'Myers Grace', '6947580123', '2022-08-09', '2025-04-12 00:23:03', '2025-04-12 00:23:03'),
(283, 'Nelson Emma', '6947812503', '2023-11-28', '2025-04-12 00:23:03', '2025-04-12 00:23:03'),
(284, 'Nelson Jackson', '6952378140', '2022-05-02', '2025-04-12 00:23:03', '2025-04-12 00:23:03'),
(285, 'Nelson Noah', '6958231470', '2023-10-11', '2025-04-12 00:23:03', '2025-04-12 00:23:03'),
(286, 'Nelson Oliver', '6970345182', '2022-03-04', '2025-04-12 00:23:03', '2025-04-12 00:23:03'),
(287, 'Noah Adams', '6971283450', '2023-07-16', '2025-04-12 00:23:03', '2025-04-12 00:23:03'),
(288, 'Noah Bell', '6973825140', '2022-11-27', '2025-04-12 00:23:03', '2025-04-12 00:23:03'),
(289, 'Noah Brooks', '7042619835', '2023-04-10', '2025-04-12 00:23:03', '2025-04-12 00:23:03'),
(290, 'Noah Davis', '7052398164', '2022-09-25', '2025-04-12 00:23:03', '2025-04-12 00:23:03'),
(291, 'Noah Foster', '7065432189', '2023-12-05', '2025-04-12 00:23:03', '2025-04-12 00:23:03'),
(292, 'Noah Fox', '7165039284', '2022-06-20', '2025-04-12 00:23:03', '2025-04-12 00:23:03'),
(293, 'Noah Hayes', '7230814596', '2023-02-03', '2025-04-12 00:23:03', '2025-04-12 00:23:03'),
(294, 'Noah Nelson', '7256043189', '2022-07-13', '2025-04-12 00:23:03', '2025-04-12 00:23:03'),
(295, 'Noah Parker', '7264309815', '2023-10-24', '2025-04-12 00:23:03', '2025-04-12 00:23:03'),
(296, 'Noah Richardson', '7265091348', '2022-05-07', '2025-04-12 00:23:03', '2025-04-12 00:23:03'),
(297, 'Noah Taylor', '7280645139', '2023-01-10', '2025-04-12 00:23:03', '2025-04-12 00:23:03'),
(298, 'Noah Turner', '7315086492', '2022-08-22', '2025-04-12 00:23:03', '2025-04-12 00:23:03'),
(299, 'Oliver Bell', '7341602958', '2023-11-30', '2025-04-12 00:23:03', '2025-04-12 00:23:03'),
(300, 'Oliver Brooks', '7392815046', '2022-04-15', '2025-04-12 00:23:03', '2025-04-12 00:23:03'),
(301, 'Oliver Foster', '7420683519', '2023-09-28', '2025-04-12 00:23:03', '2025-04-12 00:23:03'),
(302, 'Oliver Hayes', '7431502869', '2022-12-10', '2025-04-12 00:23:03', '2025-04-12 00:23:03'),
(303, 'Oliver Mitchell', '7453201986', '2023-06-21', '2025-04-12 00:23:03', '2025-04-12 00:23:03'),
(304, 'Oliver Murphy', '7492108365', '2022-02-14', '2025-04-12 00:23:03', '2025-04-12 00:23:03'),
(305, 'Oliver Nelson', '7514869230', '2023-05-09', '2025-04-12 00:23:03', '2025-04-12 00:23:03'),
(306, 'Oliver Powell', '7543012986', '2022-10-22', '2025-04-12 00:23:03', '2025-04-12 00:23:03'),
(307, 'Oliver Scott', '7581029346', '2023-03-05', '2025-04-12 00:23:03', '2025-04-12 00:23:03'),
(308, 'Oliver Thompson', '7609452318', '2022-07-18', '2025-04-12 00:23:03', '2025-04-12 00:23:03'),
(309, 'Oliver Turner', '7632189045', '2023-12-11', '2025-04-12 00:23:03', '2025-04-12 00:23:03'),
(310, 'Oliver Ward', '7635091248', '2022-06-24', '2025-04-12 00:23:03', '2025-04-12 00:23:03'),
(311, 'Olivia Adams', '7649301285', '2023-02-07', '2025-04-12 00:23:03', '2025-04-12 00:23:03'),
(312, 'Olivia Bell', '7650921834', '2022-09-01', '2025-04-12 00:23:03', '2025-04-12 00:23:03'),
(313, 'Olivia Davis', '7652098413', '2023-04-13', '2025-04-12 00:23:03', '2025-04-12 00:23:03'),
(314, 'Olivia Hayes', '7654109328', '2022-11-02', '2025-04-12 00:23:03', '2025-04-12 00:23:03'),
(315, 'Olivia Holmes', '7654209318', '2023-08-15', '2025-04-12 00:23:03', '2025-04-12 00:23:03'),
(316, 'Olivia Turner', '7684530219', '2022-05-10', '2025-04-12 00:23:03', '2025-04-12 00:23:03'),
(317, 'Owen Griffin', '7690314285', '2023-10-27', '2025-04-12 00:23:03', '2025-04-12 00:23:03'),
(318, 'Parker Benjamin', '7694012358', '2022-03-08', '2025-04-12 00:23:03', '2025-04-12 00:23:03'),
(319, 'Parker Harper', '7816042395', '2023-07-20', '2025-04-12 00:23:03', '2025-04-12 00:23:03'),
(320, 'Parker Lucas', '7834159620', '2022-11-29', '2025-04-12 00:23:03', '2025-04-12 00:23:03'),
(321, 'Parker Mia', '7834506219', '2023-04-16', '2025-04-12 00:23:03', '2025-04-12 00:23:03'),
(322, 'Parker Noah', '7890123456', '2022-09-04', '2025-04-12 00:23:03', '2025-04-12 00:23:03'),
(323, 'Penelope Evans', '7893062514', '2023-12-08', '2025-04-12 00:23:03', '2025-04-12 00:23:03'),
(324, 'Perry William', '7895246013', '2023-12-09', '2025-04-12 00:23:03', '2025-04-12 00:23:03'),
(325, 'Peterson Liam', '7940862513', '2023-12-10', '2025-04-12 00:23:03', '2025-04-12 00:23:03'),
(326, 'Powell Aiden', '7968435012', '2023-12-11', '2025-04-12 00:23:03', '2025-04-12 00:23:03'),
(327, 'Powell Chloe', '7980651243', '2023-12-12', '2025-04-12 00:23:03', '2025-04-12 00:23:03'),
(328, 'Powell Harper', '8013429657', '2023-12-13', '2025-04-12 00:23:03', '2025-04-12 00:23:03'),
(329, 'Powell Oliver', '8045619372', '2023-12-14', '2025-04-12 00:23:03', '2025-04-12 00:23:03'),
(330, 'Powell Sophia', '8053461927', '2023-12-15', '2025-04-12 00:23:03', '2025-04-12 00:23:03'),
(331, 'Price Ethan', '8063152497', '2023-12-16', '2025-04-12 00:23:03', '2025-04-12 00:23:03'),
(332, 'Price Evelyn', '8076159324', '2023-12-17', '2025-04-12 00:23:03', '2025-04-12 00:23:03'),
(333, 'Reed Carter', '8102735469', '2023-12-18', '2025-04-12 00:23:03', '2025-04-12 00:23:03'),
(334, 'Reed Liam', '8105962374', '2023-12-19', '2025-04-12 00:23:03', '2025-04-12 00:23:03'),
(335, 'Reed Sophia', '8123456970', '2023-12-20', '2025-04-12 00:23:03', '2025-04-12 00:23:03'),
(336, 'Reynolds Sophia', '8139562470', '2023-12-21', '2025-04-12 00:23:03', '2025-04-12 00:23:03'),
(337, 'Richardson Grace', '8146570329', '2023-12-22', '2025-04-12 00:23:03', '2025-04-12 00:23:03'),
(338, 'Richardson Noah', '8149036572', '2023-12-23', '2025-04-12 00:23:03', '2025-04-12 00:23:03'),
(339, 'Richardson Scarlett', '8192435067', '2023-12-24', '2025-04-12 00:23:03', '2025-04-12 00:23:03'),
(340, 'Rodriguez Zoey', '8193045672', '2023-12-25', '2025-04-12 00:23:03', '2025-04-12 00:23:03'),
(341, 'Russell Ethan', '8231094765', '2023-12-26', '2025-04-12 00:23:03', '2025-04-12 00:23:03'),
(342, 'Samuel Gray', '8235079614', '2023-12-27', '2025-04-12 00:23:03', '2025-04-12 00:23:03'),
(343, 'Sanders Aria', '8302957461', '2023-12-28', '2025-04-12 00:23:03', '2025-04-12 00:23:03'),
(344, 'Scarlett Cooper', '8304965172', '2023-12-29', '2025-04-12 00:23:03', '2025-04-12 00:23:03'),
(345, 'Scarlett Richardson', '8309657142', '2023-12-30', '2025-04-12 00:23:03', '2025-04-12 00:23:03'),
(346, 'Scott Grace', '8320194765', '2023-01-15', '2025-04-12 00:23:03', '2025-04-12 00:23:03'),
(347, 'Scott Harper', '8327496150', '2022-08-03', '2025-04-12 00:23:03', '2025-04-12 00:23:03'),
(348, 'Scott Jackson', '8346501927', '2023-11-22', '2025-04-12 00:23:03', '2025-04-12 00:23:03'),
(349, 'Scott Mia', '8361924705', '2022-04-07', '2025-04-12 00:23:03', '2025-04-12 00:23:03'),
(350, 'Scott Oliver', '8372164905', '2023-09-18', '2025-04-12 00:23:03', '2025-04-12 00:23:03'),
(351, 'Sebastian Turner', '8407135629', '2022-12-30', '2025-04-12 00:23:03', '2025-04-12 00:23:03'),
(352, 'Simmons Daniel', '8453012976', '2023-06-11', '2025-04-12 00:23:03', '2025-04-12 00:23:03'),
(353, 'Simmons Gabriel', '8512679043', '2022-02-25', '2025-04-12 00:23:03', '2025-04-12 00:23:03'),
(354, 'Simmons Grace', '8530126479', '2023-05-02', '2025-04-12 00:23:03', '2025-04-12 00:23:03'),
(355, 'Sophia Adams', '8574912038', '2022-10-14', '2025-04-12 00:23:03', '2025-04-12 00:23:03'),
(356, 'Sophia Barnes', '8619437052', '2023-03-27', '2025-04-12 00:23:03', '2025-04-12 00:23:03'),
(357, 'Sophia Bell', '8650123479', '2022-07-09', '2025-04-12 00:23:03', '2025-04-12 00:23:03'),
(358, 'Sophia Brooks', '8657132049', '2023-02-13', '2025-04-12 00:23:03', '2025-04-12 00:23:03'),
(359, 'Sophia Campbell', '8714305962', '2022-05-26', '2025-04-12 00:23:03', '2025-04-12 00:23:03'),
(360, 'Sophia Davis', '8723054619', '2023-10-07', '2025-04-12 00:23:03', '2025-04-12 00:23:03'),
(361, 'Sophia Evans', '8745136902', '2022-01-19', '2025-04-12 00:23:03', '2025-04-12 00:23:03'),
(362, 'Sophia Fisher', '8746023159', '2023-08-01', '2025-04-12 00:23:03', '2025-04-12 00:23:03'),
(363, 'Sophia Hayes', '8746905231', '2022-11-24', '2025-04-12 00:23:03', '2025-04-12 00:23:03'),
(364, 'Sophia Martinez', '8761043925', '2023-04-05', '2025-04-12 00:23:03', '2025-04-12 00:23:03'),
(365, 'Sophia Murphy', '8761205349', '2022-09-17', '2025-04-12 00:23:03', '2025-04-12 00:23:03'),
(366, 'Sophia Powell', '8762093415', '2023-12-29', '2025-04-12 00:23:03', '2025-04-12 00:23:03'),
(367, 'Sophia Reed', '8762301954', '2022-06-10', '2025-04-12 00:23:03', '2025-04-12 00:23:03'),
(368, 'Sophia Reynolds', '8764590123', '2023-01-23', '2025-04-12 00:23:03', '2025-04-12 00:23:03'),
(369, 'Sophia Turner', '8901234567', '2022-08-06', '2025-04-12 00:23:03', '2025-04-12 00:23:03'),
(370, 'Sophia Ward', '8901346725', '2023-11-25', '2025-04-12 00:23:03', '2025-04-12 00:23:03'),
(371, 'Stella Wallace', '8901456327', '2022-04-10', '2025-04-12 00:23:03', '2025-04-12 00:23:03'),
(372, 'Stewart Jackson', '8902734516', '2023-09-21', '2025-04-12 00:23:03', '2025-04-12 00:23:03'),
(373, 'Taylor Aiden', '8906137452', '2022-12-03', '2025-04-12 00:23:03', '2025-04-12 00:23:03'),
(374, 'Taylor Harper', '8950213647', '2023-06-14', '2025-04-12 00:23:03', '2025-04-12 00:23:03'),
(375, 'Taylor Lucas', '9012345678', '2022-02-28', '2025-04-12 00:23:03', '2025-04-12 00:23:03'),
(376, 'Taylor Noah', '9018372456', '2023-05-05', '2025-04-12 00:23:03', '2025-04-12 00:23:03'),
(377, 'Thompson Charlotte', '9048763521', '2022-10-17', '2025-04-12 00:23:03', '2025-04-12 00:23:03'),
(378, 'Thompson Emma', '9054382167', '2023-04-01', '2025-04-12 00:23:03', '2025-04-12 00:23:03'),
(379, 'Thompson Grace', '9061782453', '2022-09-22', '2025-04-12 00:23:03', '2025-04-12 00:23:03'),
(380, 'Thompson Lily', '9063478125', '2023-12-02', '2025-04-12 00:23:03', '2025-04-12 00:23:03'),
(381, 'Thompson Lucas', '9078134526', '2022-06-17', '2025-04-12 00:23:03', '2025-04-12 00:23:03'),
(382, 'Thompson Oliver', '9078654321', '2023-01-30', '2025-04-12 00:23:03', '2025-04-12 00:23:03'),
(383, 'Turner Aiden', '9142058763', '2022-08-09', '2025-04-12 00:23:03', '2025-04-12 00:23:03'),
(384, 'Turner Ava', '9142078365', '2023-11-28', '2025-04-12 00:23:03', '2025-04-12 00:23:03'),
(385, 'Turner Chloe', '9182730654', '2022-05-02', '2025-04-12 00:23:03', '2025-04-12 00:23:03'),
(386, 'Turner Emma', '9183654027', '2023-10-11', '2025-04-12 00:23:03', '2025-04-12 00:23:03'),
(387, 'Turner Ethan', '9208453617', '2022-03-04', '2025-04-12 00:23:03', '2025-04-12 00:23:03'),
(388, 'Turner Grace', '9260174583', '2023-07-16', '2025-04-12 00:23:03', '2025-04-12 00:23:03'),
(389, 'Turner Harper', '9270651483', '2022-11-27', '2025-04-12 00:23:03', '2025-04-12 00:23:03'),
(390, 'Turner Jackson', '9271805346', '2023-04-10', '2025-04-12 00:23:03', '2025-04-12 00:23:03'),
(391, 'Turner Liam', '9304857162', '2022-09-25', '2025-04-12 00:23:03', '2025-04-12 00:23:03'),
(392, 'Turner Lily', '9326751408', '2023-12-05', '2025-04-12 00:23:03', '2025-04-12 00:23:03'),
(393, 'Turner Lucas', '9342016578', '2022-06-20', '2025-04-12 00:23:03', '2025-04-12 00:23:03'),
(394, 'Turner Madison', '9342107865', '2023-02-03', '2025-04-12 00:23:03', '2025-04-12 00:23:03'),
(395, 'Turner Mia', '9352078461', '2022-07-13', '2025-04-12 00:23:03', '2025-04-12 00:23:03'),
(396, 'Turner Noah', '9378561204', '2023-10-24', '2025-04-12 00:23:03', '2025-04-12 00:23:03'),
(397, 'Turner Oliver', '9384756201', '2022-05-07', '2025-04-12 00:23:03', '2025-04-12 00:23:03'),
(398, 'Turner Olivia', '9456302718', '2023-01-10', '2025-04-12 00:23:03', '2025-04-12 00:23:03'),
(399, 'Turner Sebastian', '9462170583', '2022-08-22', '2025-04-12 00:23:03', '2025-04-12 00:23:03'),
(400, 'Turner Sophia', '9462813507', '2023-11-30', '2025-04-12 00:23:03', '2025-04-12 00:23:03'),
(401, 'Wallace Mia', '9481073652', '2022-04-15', '2025-04-12 00:23:03', '2025-04-12 00:23:03'),
(402, 'Wallace Stella', '9483561207', '2023-09-28', '2025-04-12 00:23:03', '2025-04-12 00:23:03'),
(403, 'Ward Chloe', '9501764328', '2022-12-10', '2025-04-12 00:23:03', '2025-04-12 00:23:03'),
(404, 'Ward Harper', '9518273640', '2023-06-21', '2025-04-12 00:23:03', '2025-04-12 00:23:03'),
(405, 'Ward Henry', '9546872013', '2022-02-14', '2025-04-12 00:23:03', '2025-04-12 00:23:03'),
(406, 'Ward Jackson', '9561738042', '2023-05-09', '2025-04-12 00:23:03', '2025-04-12 00:23:03'),
(407, 'Ward Liam', '9652318740', '2022-10-22', '2025-04-12 00:23:03', '2025-04-12 00:23:03'),
(408, 'Ward Lily', '9671058234', '2023-03-05', '2025-04-12 00:23:03', '2025-04-12 00:23:03'),
(409, 'Ward Lucas', '9678325140', '2022-07-18', '2025-04-12 00:23:03', '2025-04-12 00:23:03'),
(410, 'Ward Mia', '9736018245', '2023-12-11', '2025-04-12 00:23:03', '2025-04-12 00:23:03'),
(411, 'Ward Oliver', '9765012342', '2022-06-24', '2025-04-12 00:23:03', '2025-04-12 00:23:03'),
(412, 'Ward Sophia', '9765012348', '2023-02-07', '2025-04-12 00:23:03', '2025-04-12 00:23:03'),
(413, 'William Perry', '9765032481', '2022-09-01', '2025-04-12 00:23:03', '2025-04-12 00:23:03'),
(414, 'Williams Abigail', '9768054321', '2023-04-13', '2025-04-12 00:23:03', '2025-04-12 00:23:03'),
(415, 'Wright Ava', '9812345076', '2022-11-02', '2025-04-12 00:23:03', '2025-04-12 00:23:03'),
(416, 'Wright Isabella', '9817352406', '2023-08-15', '2025-04-12 00:23:03', '2025-04-12 00:23:03'),
(417, 'Wright Jackson', '9817352409', '2022-05-10', '2025-04-12 00:23:03', '2025-04-12 00:23:03'),
(418, 'Wright James', '9823456017', '2023-10-27', '2025-04-12 00:23:03', '2025-04-12 00:23:03'),
(419, 'Wyatt Barnes', '9870452316', '2022-03-08', '2025-04-12 00:23:03', '2025-04-12 00:23:03'),
(420, 'Zoe Fisher', '9876053121', '2023-07-20', '2025-04-12 00:23:03', '2025-04-12 00:23:03'),
(421, 'Zoey Rodriguez', '9876053124', '2022-11-29', '2025-04-12 00:23:03', '2025-04-12 00:23:03');

-- --------------------------------------------------------

--
-- Struktur dari tabel `failed_jobs`
--

CREATE TABLE `failed_jobs` (
  `id` bigint(20) UNSIGNED NOT NULL,
  `uuid` varchar(255) NOT NULL,
  `connection` text NOT NULL,
  `queue` text NOT NULL,
  `payload` longtext NOT NULL,
  `exception` longtext NOT NULL,
  `failed_at` timestamp NOT NULL DEFAULT current_timestamp()
) ENGINE=InnoDB DEFAULT CHARSET=utf8mb4 COLLATE=utf8mb4_unicode_ci;

-- --------------------------------------------------------

--
-- Struktur dari tabel `jobs`
--

CREATE TABLE `jobs` (
  `id` bigint(20) UNSIGNED NOT NULL,
  `queue` varchar(255) NOT NULL,
  `payload` longtext NOT NULL,
  `attempts` tinyint(3) UNSIGNED NOT NULL,
  `reserved_at` int(10) UNSIGNED DEFAULT NULL,
  `available_at` int(10) UNSIGNED NOT NULL,
  `created_at` int(10) UNSIGNED NOT NULL
) ENGINE=InnoDB DEFAULT CHARSET=utf8mb4 COLLATE=utf8mb4_unicode_ci;

-- --------------------------------------------------------

--
-- Struktur dari tabel `job_batches`
--

CREATE TABLE `job_batches` (
  `id` varchar(255) NOT NULL,
  `name` varchar(255) NOT NULL,
  `total_jobs` int(11) NOT NULL,
  `pending_jobs` int(11) NOT NULL,
  `failed_jobs` int(11) NOT NULL,
  `failed_job_ids` longtext NOT NULL,
  `options` mediumtext DEFAULT NULL,
  `cancelled_at` int(11) DEFAULT NULL,
  `created_at` int(11) NOT NULL,
  `finished_at` int(11) DEFAULT NULL
) ENGINE=InnoDB DEFAULT CHARSET=utf8mb4 COLLATE=utf8mb4_unicode_ci;

-- --------------------------------------------------------

--
-- Struktur dari tabel `migrations`
--

CREATE TABLE `migrations` (
  `id` int(10) UNSIGNED NOT NULL,
  `migration` varchar(255) NOT NULL,
  `batch` int(11) NOT NULL
) ENGINE=InnoDB DEFAULT CHARSET=utf8mb4 COLLATE=utf8mb4_unicode_ci;

--
-- Dumping data untuk tabel `migrations`
--

INSERT INTO `migrations` (`id`, `migration`, `batch`) VALUES
(1, '0001_01_01_000000_create_users_table', 1),
(2, '0001_01_01_000001_create_cache_table', 1),
(3, '0001_01_01_000002_create_jobs_table', 1),
(4, '2025_02_17_032912_create_table_users_role', 1),
(5, '2025_02_17_033358_create_table_users_menu', 1),
(6, '2025_02_17_033644_create_table_users_sub_menu', 1),
(7, '2025_02_17_034020_create_table_users_access_menu', 1),
(8, '2025_02_21_022410_create_personal_access_tokens_table', 2),
(9, '2025_04_11_085035_create_datamhs_table', 3);

-- --------------------------------------------------------

--
-- Struktur dari tabel `password_reset_tokens`
--

CREATE TABLE `password_reset_tokens` (
  `email` varchar(255) NOT NULL,
  `token` varchar(255) NOT NULL,
  `created_at` timestamp NULL DEFAULT NULL
) ENGINE=InnoDB DEFAULT CHARSET=utf8mb4 COLLATE=utf8mb4_unicode_ci;

-- --------------------------------------------------------

--
-- Struktur dari tabel `personal_access_tokens`
--

CREATE TABLE `personal_access_tokens` (
  `id` bigint(20) UNSIGNED NOT NULL,
  `tokenable_type` varchar(255) NOT NULL,
  `tokenable_id` bigint(20) UNSIGNED NOT NULL,
  `name` varchar(255) NOT NULL,
  `token` varchar(64) NOT NULL,
  `abilities` text DEFAULT NULL,
  `last_used_at` timestamp NULL DEFAULT NULL,
  `expires_at` timestamp NULL DEFAULT NULL,
  `created_at` timestamp NULL DEFAULT NULL,
  `updated_at` timestamp NULL DEFAULT NULL
) ENGINE=InnoDB DEFAULT CHARSET=utf8mb4 COLLATE=utf8mb4_unicode_ci;

-- --------------------------------------------------------

--
-- Struktur dari tabel `sessions`
--

CREATE TABLE `sessions` (
  `id` varchar(255) NOT NULL,
  `user_id` bigint(20) UNSIGNED DEFAULT NULL,
  `ip_address` varchar(45) DEFAULT NULL,
  `user_agent` text DEFAULT NULL,
  `payload` longtext NOT NULL,
  `last_activity` int(11) NOT NULL
) ENGINE=InnoDB DEFAULT CHARSET=utf8mb4 COLLATE=utf8mb4_unicode_ci;

--
-- Dumping data untuk tabel `sessions`
--

INSERT INTO `sessions` (`id`, `user_id`, `ip_address`, `user_agent`, `payload`, `last_activity`) VALUES
('lktNth2pi9p9CCisk6v59IScP1433CK5jfyxBZxa', NULL, '127.0.0.1', 'PostmanRuntime/7.43.0', 'YTozOntzOjY6Il90b2tlbiI7czo0MDoibjRCa2FLUFZCZGJsVWl3bmR1ZDdwSXpQQnp3ckFPN3hFSncwbWF5TCI7czo2OiJfZmxhc2giO2E6Mjp7czozOiJvbGQiO2E6MDp7fXM6MzoibmV3IjthOjA6e319czo5OiJfcHJldmlvdXMiO2E6MTp7czozOiJ1cmwiO3M6MjE6Imh0dHA6Ly9sb2NhbGhvc3Q6ODAwMCI7fX0=', 1744436805),
('qxzpmcawlqxy2itu8KFkHT5gnGtfxArSOeSN62LL', 1, '127.0.0.1', 'Mozilla/5.0 (Windows NT 10.0; Win64; x64) AppleWebKit/537.36 (KHTML, like Gecko) Chrome/129.0.0.0 Safari/537.36', 'YTo0OntzOjY6Il90b2tlbiI7czo0MDoiUDMzNjdxUjR3TE9ETkkweHNSN1RJZDhOT1pIdVRiOHZQMjZaTHU1cSI7czo2OiJfZmxhc2giO2E6Mjp7czozOiJvbGQiO2E6MDp7fXM6MzoibmV3IjthOjA6e319czo5OiJfcHJldmlvdXMiO2E6MTp7czozOiJ1cmwiO3M6MzA6Imh0dHA6Ly9sb2NhbGhvc3Q6ODAwMC9kYXRhX21ocyI7fXM6NTA6ImxvZ2luX3dlYl81OWJhMzZhZGRjMmIyZjk0MDE1ODBmMDE0YzdmNThlYTRlMzA5ODlkIjtpOjE7fQ==', 1744442585);

-- --------------------------------------------------------

--
-- Struktur dari tabel `users`
--

CREATE TABLE `users` (
  `id` bigint(20) UNSIGNED NOT NULL,
  `name` varchar(255) NOT NULL,
  `email` varchar(255) NOT NULL,
  `email_verified_at` timestamp NULL DEFAULT current_timestamp(),
  `password` varchar(255) NOT NULL,
  `role_id` int(11) NOT NULL DEFAULT 2,
  `image` varchar(255) NOT NULL DEFAULT 'default.png',
  `remember_token` varchar(512) DEFAULT NULL,
  `google_id` varchar(255) DEFAULT NULL,
  `created_at` timestamp NULL DEFAULT current_timestamp(),
  `updated_at` timestamp NULL DEFAULT current_timestamp()
) ENGINE=InnoDB DEFAULT CHARSET=utf8mb4 COLLATE=utf8mb4_unicode_ci;

--
-- Dumping data untuk tabel `users`
--

INSERT INTO `users` (`id`, `name`, `email`, `email_verified_at`, `password`, `role_id`, `image`, `remember_token`, `google_id`, `created_at`, `updated_at`) VALUES
(1, 'Admin', 'admin@gmail.com', '2025-02-20 01:17:20', '$2y$12$R96B.1mxU71LU2JIaAVExu7ATl3Vk0.9fEAPFsKEjcr7dF/9J9v7.', 1, 'default.png', NULL, '', '2025-02-20 01:17:20', '2025-02-20 01:39:28'),
(2, 'Users', 'users@gmail.com', '2025-02-20 01:17:20', '$2y$12$QLo8jAWz2ox25c06MuZVlel99f3ovKS/wWlLFJHPf.cFlB5HsFA3C', 2, 'default.png', 'jKRtKG5aBa2FnmGRWQNqZjbky99pfUNdNe8l633HKdNuYJDRjreoXPAmPvZs', '', '2025-02-20 01:17:20', '2025-02-20 21:22:53'),
(6, 'Test User', 'testuser@gmail.com', NULL, '$2y$12$uFL/RKlRO6eO7sXq8z/7ueLWrAyypMElsqXUuHp7f96UgZujmitf.', 2, 'default.png', NULL, '', '2025-02-20 21:10:00', '2025-02-20 21:10:00'),
(10, 'berkah kayu jaya', 'berkahkayujaya77@gmail.com', '2025-02-27 05:15:55', '$2y$12$wnyVivkegf7ZGU6IBl17S.FpaKd9IFDUJeCQEAEJnf.bP5aLfn5qu', 2, 'https://lh3.googleusercontent.com/a/ACg8ocIuqu3jZc8f7v2lIj6dUiiHwt_EEYzY-TAUhPTMAcen56-E1A=s96-c', NULL, '109133510949050460247', '2025-02-26 22:15:55', '2025-02-26 22:15:55'),
(11, 'Ars Home', 'arshome05@gmail.com', '2025-02-27 05:26:04', '$2y$12$H1MDa22gPjE6bxR82uoGduicthtHpn3aJ9eil5Llb1MUf8eLG/VkS', 2, 'https://lh3.googleusercontent.com/a/ACg8ocKcENgHbUvjwzVWErBX0iN3oQuFcWG5IwpLqUPvBRO0ORbhcg=s96-c', NULL, '104994611981399137062', '2025-02-26 22:26:04', '2025-03-03 22:10:55'),
(12, 'Himawari', 'himawari@pstechno.com', '2025-04-12 05:56:09', '$2y$12$QDd2xR0bFAs7ELtyHPFWiOgM/geHiF4.qHH6a4WdAqP/wxamKeHYm', 2, 'default.png', NULL, NULL, '2025-04-11 22:56:09', '2025-04-11 23:13:29');

-- --------------------------------------------------------

--
-- Struktur dari tabel `users_access_menu`
--

CREATE TABLE `users_access_menu` (
  `id` bigint(20) UNSIGNED NOT NULL,
  `role_id` int(11) NOT NULL,
  `menu_id` int(11) NOT NULL,
  `created_at` timestamp NULL DEFAULT NULL,
  `updated_at` timestamp NULL DEFAULT NULL
) ENGINE=InnoDB DEFAULT CHARSET=utf8mb4 COLLATE=utf8mb4_unicode_ci;

--
-- Dumping data untuk tabel `users_access_menu`
--

INSERT INTO `users_access_menu` (`id`, `role_id`, `menu_id`, `created_at`, `updated_at`) VALUES
(1, 1, 2, '2025-02-20 08:22:00', NULL),
(2, 2, 1, '2025-02-20 08:22:00', NULL),
(3, 1, 3, '2025-02-20 08:22:35', NULL),
(4, 1, 1, '2025-02-20 08:22:35', NULL),
(8, 2, 3, NULL, NULL),
(9, 4, 1, NULL, NULL),
(10, 1, 4, NULL, NULL);

-- --------------------------------------------------------

--
-- Struktur dari tabel `users_menu`
--

CREATE TABLE `users_menu` (
  `id` bigint(20) UNSIGNED NOT NULL,
  `menu` varchar(255) NOT NULL,
  `icon_menu` varchar(255) NOT NULL,
  `created_at` timestamp NULL DEFAULT NULL,
  `updated_at` timestamp NULL DEFAULT NULL
) ENGINE=InnoDB DEFAULT CHARSET=utf8mb4 COLLATE=utf8mb4_unicode_ci;

--
-- Dumping data untuk tabel `users_menu`
--

INSERT INTO `users_menu` (`id`, `menu`, `icon_menu`, `created_at`, `updated_at`) VALUES
(1, 'Dashboard', 'fa fa-fw fa-rocket', '2025-02-20 08:18:33', NULL),
(2, 'Admin', 'fa fa-fw fa-user-circle', '2025-02-20 08:18:33', NULL),
(3, 'Menu', 'fa fa-fw fa-book', '2025-02-20 08:19:37', NULL),
(4, 'Data_mhs', 'fa fa-fw fa-book', '2025-04-11 01:47:54', '2025-04-11 01:47:54');

-- --------------------------------------------------------

--
-- Struktur dari tabel `users_role`
--

CREATE TABLE `users_role` (
  `id` bigint(20) UNSIGNED NOT NULL,
  `role` varchar(255) NOT NULL,
  `created_at` timestamp NULL DEFAULT NULL,
  `updated_at` timestamp NULL DEFAULT NULL
) ENGINE=InnoDB DEFAULT CHARSET=utf8mb4 COLLATE=utf8mb4_unicode_ci;

--
-- Dumping data untuk tabel `users_role`
--

INSERT INTO `users_role` (`id`, `role`, `created_at`, `updated_at`) VALUES
(1, 'Administrator', '2025-02-20 08:18:00', NULL),
(2, 'User', '2025-02-20 08:18:00', NULL);

-- --------------------------------------------------------

--
-- Struktur dari tabel `users_sub_menu`
--

CREATE TABLE `users_sub_menu` (
  `id` bigint(20) UNSIGNED NOT NULL,
  `menu_id` int(11) NOT NULL,
  `title` varchar(255) NOT NULL,
  `url` varchar(255) NOT NULL,
  `is_active` int(11) NOT NULL DEFAULT 1,
  `created_at` timestamp NULL DEFAULT NULL,
  `updated_at` timestamp NULL DEFAULT NULL
) ENGINE=InnoDB DEFAULT CHARSET=utf8mb4 COLLATE=utf8mb4_unicode_ci;

--
-- Dumping data untuk tabel `users_sub_menu`
--

INSERT INTO `users_sub_menu` (`id`, `menu_id`, `title`, `url`, `is_active`, `created_at`, `updated_at`) VALUES
(1, 1, 'Dashboard', 'dashboard', 1, '2025-02-20 08:19:57', NULL),
(2, 2, 'Administartor', 'admin', 1, '2025-02-20 08:19:57', NULL),
(3, 2, 'Role', 'admin/role', 1, '2025-02-20 08:20:53', NULL),
(4, 3, 'Menu Management', 'menu', 1, '2025-02-20 08:20:53', NULL),
(5, 3, 'Submenu Management', 'menu/submenu', 1, '2025-02-20 08:21:34', NULL),
(6, 4, 'Data Mahasiswa', 'data_mhs', 1, NULL, NULL);

--
-- Indexes for dumped tables
--

--
-- Indeks untuk tabel `cache`
--
ALTER TABLE `cache`
  ADD PRIMARY KEY (`key`);

--
-- Indeks untuk tabel `cache_locks`
--
ALTER TABLE `cache_locks`
  ADD PRIMARY KEY (`key`);

--
-- Indeks untuk tabel `datamhs`
--
ALTER TABLE `datamhs`
  ADD PRIMARY KEY (`id`);

--
-- Indeks untuk tabel `failed_jobs`
--
ALTER TABLE `failed_jobs`
  ADD PRIMARY KEY (`id`),
  ADD UNIQUE KEY `failed_jobs_uuid_unique` (`uuid`);

--
-- Indeks untuk tabel `jobs`
--
ALTER TABLE `jobs`
  ADD PRIMARY KEY (`id`),
  ADD KEY `jobs_queue_index` (`queue`);

--
-- Indeks untuk tabel `job_batches`
--
ALTER TABLE `job_batches`
  ADD PRIMARY KEY (`id`);

--
-- Indeks untuk tabel `migrations`
--
ALTER TABLE `migrations`
  ADD PRIMARY KEY (`id`);

--
-- Indeks untuk tabel `password_reset_tokens`
--
ALTER TABLE `password_reset_tokens`
  ADD PRIMARY KEY (`email`);

--
-- Indeks untuk tabel `personal_access_tokens`
--
ALTER TABLE `personal_access_tokens`
  ADD PRIMARY KEY (`id`),
  ADD UNIQUE KEY `personal_access_tokens_token_unique` (`token`),
  ADD KEY `personal_access_tokens_tokenable_type_tokenable_id_index` (`tokenable_type`,`tokenable_id`);

--
-- Indeks untuk tabel `sessions`
--
ALTER TABLE `sessions`
  ADD PRIMARY KEY (`id`),
  ADD KEY `sessions_user_id_index` (`user_id`),
  ADD KEY `sessions_last_activity_index` (`last_activity`);

--
-- Indeks untuk tabel `users`
--
ALTER TABLE `users`
  ADD PRIMARY KEY (`id`),
  ADD UNIQUE KEY `users_email_unique` (`email`);

--
-- Indeks untuk tabel `users_access_menu`
--
ALTER TABLE `users_access_menu`
  ADD PRIMARY KEY (`id`);

--
-- Indeks untuk tabel `users_menu`
--
ALTER TABLE `users_menu`
  ADD PRIMARY KEY (`id`);

--
-- Indeks untuk tabel `users_role`
--
ALTER TABLE `users_role`
  ADD PRIMARY KEY (`id`);

--
-- Indeks untuk tabel `users_sub_menu`
--
ALTER TABLE `users_sub_menu`
  ADD PRIMARY KEY (`id`);

--
-- AUTO_INCREMENT untuk tabel yang dibuang
--

--
-- AUTO_INCREMENT untuk tabel `datamhs`
--
ALTER TABLE `datamhs`
  MODIFY `id` bigint(20) UNSIGNED NOT NULL AUTO_INCREMENT, AUTO_INCREMENT=422;

--
-- AUTO_INCREMENT untuk tabel `failed_jobs`
--
ALTER TABLE `failed_jobs`
  MODIFY `id` bigint(20) UNSIGNED NOT NULL AUTO_INCREMENT;

--
-- AUTO_INCREMENT untuk tabel `jobs`
--
ALTER TABLE `jobs`
  MODIFY `id` bigint(20) UNSIGNED NOT NULL AUTO_INCREMENT;

--
-- AUTO_INCREMENT untuk tabel `migrations`
--
ALTER TABLE `migrations`
  MODIFY `id` int(10) UNSIGNED NOT NULL AUTO_INCREMENT, AUTO_INCREMENT=10;

--
-- AUTO_INCREMENT untuk tabel `personal_access_tokens`
--
ALTER TABLE `personal_access_tokens`
  MODIFY `id` bigint(20) UNSIGNED NOT NULL AUTO_INCREMENT;

--
-- AUTO_INCREMENT untuk tabel `users`
--
ALTER TABLE `users`
  MODIFY `id` bigint(20) UNSIGNED NOT NULL AUTO_INCREMENT, AUTO_INCREMENT=13;

--
-- AUTO_INCREMENT untuk tabel `users_access_menu`
--
ALTER TABLE `users_access_menu`
  MODIFY `id` bigint(20) UNSIGNED NOT NULL AUTO_INCREMENT, AUTO_INCREMENT=11;

--
-- AUTO_INCREMENT untuk tabel `users_menu`
--
ALTER TABLE `users_menu`
  MODIFY `id` bigint(20) UNSIGNED NOT NULL AUTO_INCREMENT, AUTO_INCREMENT=5;

--
-- AUTO_INCREMENT untuk tabel `users_role`
--
ALTER TABLE `users_role`
  MODIFY `id` bigint(20) UNSIGNED NOT NULL AUTO_INCREMENT, AUTO_INCREMENT=5;

--
-- AUTO_INCREMENT untuk tabel `users_sub_menu`
--
ALTER TABLE `users_sub_menu`
  MODIFY `id` bigint(20) UNSIGNED NOT NULL AUTO_INCREMENT, AUTO_INCREMENT=7;
COMMIT;

/*!40101 SET CHARACTER_SET_CLIENT=@OLD_CHARACTER_SET_CLIENT */;
/*!40101 SET CHARACTER_SET_RESULTS=@OLD_CHARACTER_SET_RESULTS */;
/*!40101 SET COLLATION_CONNECTION=@OLD_COLLATION_CONNECTION */;
